name,sequence,count,source,seq_rev,smiles
NFGAIL,D-nfgail,D-peptide,database,1-1,CC[C@@H](C)[C@@H](NC(=O)[C@@H](C)NC(=O)CNC(=O)[C@@H](Cc1ccccc1)NC(=O)[C@H](N)CC(N)=O)C(=O)N[C@H](CC(C)C)C(=O)O
NFGAILSS,L-nfgailss,L-peptide,database,2-1,CC[C@H](C)[C@H](NC(=O)[C@H](C)NC(=O)CNC(=O)[C@H](Cc1ccccc1)NC(=O)[C@@H](N)CC(N)=O)C(=O)N[C@@H](CC(C)C)C(=O)N[C@@H](CO)C(=O)N[C@@H](CO)C(=O)O
QYGPILSS,L-qygpilss,L-peptide,database,2-2,CC[C@H](C)[C@H](NC(=O)[C@@H]1CCCN1C(=O)CNC(=O)[C@H](Cc1ccc(O)cc1)NC(=O)[C@@H](N)CCC(N)=O)C(=O)N[C@@H](CC(C)C)C(=O)N[C@@H](CO)C(=O)N[C@@H](CO)C(=O)O
NWGPILSS,L-nwgpilss,L-peptide,database,2-3,CC[C@H](C)[C@H](NC(=O)[C@@H]1CCCN1C(=O)CNC(=O)[C@H](Cc1c[nH]c2ccccc12)NC(=O)[C@@H](N)CC(N)=O)C(=O)N[C@@H](CC(C)C)C(=O)N[C@@H](CO)C(=O)N[C@@H](CO)C(=O)O
QBP1,L-wkwwpgif,L-peptide,database,3-1,CC[C@H](C)[C@H](NC(=O)CNC(=O)[C@@H]1CCCN1C(=O)[C@H](Cc1c[nH]c2ccccc12)NC(=O)[C@H](Cc1c[nH]c2ccccc12)NC(=O)[C@H](CCCCN)NC(=O)[C@@H](N)Cc1c[nH]c2ccccc12)C(=O)N[C@@H](Cc1ccccc1)C(=O)O
SNNFGA,L-snnfga,L-peptide,database,4-1,C[C@H](NC(=O)CNC(=O)[C@H](Cc1ccccc1)NC(=O)[C@H](CC(N)=O)NC(=O)[C@H](CC(N)=O)NC(=O)[C@@H](N)CO)C(=O)O
TNNWPL,L-tnnwpl,L-peptide,database,4-2,CC(C)C[C@H](NC(=O)[C@@H]1CCCN1C(=O)[C@H](Cc1c[nH]c2ccccc12)NC(=O)[C@H](CC(N)=O)NC(=O)[C@H](CC(N)=O)NC(=O)[C@@H](N)[C@@H](C)O)C(=O)O
TQNWAP,L-tqnwap,L-peptide,database,4-3,C[C@H](NC(=O)[C@H](Cc1c[nH]c2ccccc12)NC(=O)[C@H](CC(N)=O)NC(=O)[C@H](CCC(N)=O)NC(=O)[C@@H](N)[C@@H](C)O)C(=O)N1CCC[C@H]1C(=O)O
TQNWVP,L-tqnwvp,L-peptide,database,4-4,CC(C)[C@H](NC(=O)[C@H](Cc1c[nH]c2ccccc12)NC(=O)[C@H](CC(N)=O)NC(=O)[C@H](CCC(N)=O)NC(=O)[C@@H](N)[C@@H](C)O)C(=O)N1CCC[C@H]1C(=O)O
SS,L-LANFLVHSSNNFGAIL,L-peptide,database,5-1,CC[C@H](C)[C@H](NC(=O)[C@H](C)NC(=O)CNC(=O)[C@H](Cc1ccccc1)NC(=O)[C@H](CC(N)=O)NC(=O)[C@H](CC(N)=O)NC(=O)[C@H](CO)NC(=O)[C@H](CO)NC(=O)[C@H](Cc1cnc[nH]1)NC(=O)[C@@H](NC(=O)[C@H](CC(C)C)NC(=O)[C@H](Cc1ccccc1)NC(=O)[C@H](CC(N)=O)NC(=O)[C@H](C)NC(=O)[C@@H](N)CC(C)C)C(C)C)C(=O)N[C@@H](CC(C)C)C(=O)O
SLS,L-LANFLVHS(Glc)SNNFGAIL,L-peptide (O-glycosylated),database,5-2,CC[C@H](C)[C@H](NC(=O)[C@H](C)NC(=O)CNC(=O)[C@H](Cc1ccccc1)NC(=O)[C@H](CC(N)=O)NC(=O)[C@H](CC(N)=O)NC(=O)[C@H](CO)NC(=O)[C@H](CO[C@H]1O[C@H](CO)[C@@H](O)[C@H](O)[C@H]1O)NC(=O)[C@H](Cc1c[nH]cn1)NC(=O)[C@@H](NC(=O)[C@H](CC(C)C)NC(=O)[C@H](Cc1ccccc1)NC(=O)[C@H](CC(N)=O)NC(=O)[C@H](C)NC(=O)[C@@H](N)CC(C)C)C(C)C)C(=O)N[C@@H](CC(C)C)C(=O)O
 LSLS,L-LANFLVH(Glc)SS(Glc)NNFGAIL,L-peptide (O-glycosylated),database,5-3,CC[C@H](C)[C@H](NC(=O)[C@H](C)NC(=O)CNC(=O)[C@H](Cc1ccccc1)NC(=O)[C@H](CC(N)=O)NC(=O)[C@H](CC(N)=O)NC(=O)[C@H](CO[C@H]1O[C@H](CO)[C@@H](O)[C@H](O)[C@H]1O)NC(=O)[C@H](CO[C@H]1O[C@H](CO)[C@@H](O)[C@H](O)[C@H]1O)NC(=O)[C@H](Cc1c[nH]cn1)NC(=O)[C@@H](NC(=O)[C@H](CC(C)C)NC(=O)[C@H](Cc1ccccc1)NC(=O)[C@H](CC(N)=O)NC(=O)[C@H](C)NC(=O)[C@@H](N)CC(C)C)C(C)C)C(=O)N[C@@H](CC(C)C)C(=O)O
SNS,L-LANFLVHS(GlcNAc)SNNFGAIL,L-peptide (O-glycosylated),database,5-4,CC[C@H](C)[C@H](NC(=O)[C@H](C)NC(=O)CNC(=O)[C@H](Cc1ccccc1)NC(=O)[C@H](CC(N)=O)NC(=O)[C@H](CC(N)=O)NC(=O)[C@H](CO)NC(=O)[C@H](CO[C@H]1O[C@H](CO)[C@@H](O)[C@H](O)[C@H]1NC(C)=O)NC(=O)[C@H](Cc1c[nH]cn1)NC(=O)[C@@H](NC(=O)[C@H](CC(C)C)NC(=O)[C@H](Cc1ccccc1)NC(=O)[C@H](CC(N)=O)NC(=O)[C@H](C)NC(=O)[C@@H](N)CC(C)C)C(C)C)C(=O)N[C@@H](CC(C)C)C(=O)O
 NSNS,L-LANFLVH(GlcNAc)SS(GlcNAc)NNFGAIL,L-peptide (O-glycosylated),database,5-5,CC[C@H](C)[C@H](NC(=O)[C@H](C)NC(=O)CNC(=O)[C@H](Cc1ccccc1)NC(=O)[C@H](CC(N)=O)NC(=O)[C@H](CC(N)=O)NC(=O)[C@H](CO[C@H]1O[C@H](CO)[C@@H](O)[C@H](O)[C@H]1NC(C)=O)NC(=O)[C@H](CO[C@H]1O[C@H](CO)[C@@H](O)[C@H](O)[C@H]1NC(C)=O)NC(=O)[C@H](Cc1c[nH]cn1)NC(=O)[C@@H](NC(=O)[C@H](CC(C)C)NC(=O)[C@H](Cc1ccccc1)NC(=O)[C@H](CC(N)=O)NC(=O)[C@H](C)NC(=O)[C@@H](N)CC(C)C)C(C)C)C(=O)N[C@@H](CC(C)C)C(=O)O
dfPSMα3,L-MEFVAKLFKFFKDLLGKFLGNN,L-peptide,database,6-1,CSCC[C@H](N)C(=O)N[C@@H](CCC(=O)O)C(=O)N[C@@H](Cc1ccccc1)C(=O)N[C@H](C(=O)N[C@@H](C)C(=O)N[C@@H](CCCCN)C(=O)N[C@@H](CC(C)C)C(=O)N[C@@H](Cc1ccccc1)C(=O)N[C@@H](CCCCN)C(=O)N[C@@H](Cc1ccccc1)C(=O)N[C@@H](Cc1ccccc1)C(=O)N[C@@H](CCCCN)C(=O)N[C@@H](CC(=O)O)C(=O)N[C@@H](CC(C)C)C(=O)N[C@@H](CC(C)C)C(=O)NCC(=O)N[C@@H](CCCCN)C(=O)N[C@@H](Cc1ccccc1)C(=O)N[C@@H](CC(C)C)C(=O)NCC(=O)N[C@@H](CC(N)=O)C(=O)N[C@@H](CC(N)=O)C(=O)O)C(C)C
cyclo-CHVVGVI,L-chvvgvi(cyclized),cyclic L-peptide,database,7-1,CC[C@H](C)[C@@H]1NC(=O)[C@H](C(C)C)NC(=O)CNC(=O)[C@H](C(C)C)NC(=O)[C@H](C(C)C)NC(=O)[C@H](Cc2c[nH]cn2)NC(=O)[C@H](CS)NC1=O
cyclo-CDLGVFR,L-cldgvfr(cyclized),cyclic L-peptide,database,7-2,CC(C)C[C@@H]1NC(=O)[C@H](CC(=O)O)NC(=O)[C@H](CS)NC(=O)[C@H](CCCNC(=N)N)NC(=O)[C@H](Cc2ccccc2)NC(=O)[C@H](C(C)C)NC(=O)CNC1=O
cyclo-CRCVFSG,L-crcvfsg(cyclized),cyclic L-peptide,database,7-3,CC(C)[C@@H]1NC(=O)[C@H](CS)NC(=O)[C@H](CCCNC(=N)N)NC(=O)[C@H](CS)NC(=O)CNC(=O)[C@H](CO)NC(=O)[C@H](Cc2ccccc2)NC1=O
C5,pyromellitic acid-NFGAILSS(L),L peptide conjugate (benzene carboxylic acid-NFGAILSS conjugate),database,8-1,CC[C@H](C)[C@H](NC(=O)[C@H](C)NC(=O)CNC(=O)[C@H](Cc1ccccc1)NC(=O)[C@H](CC(N)=O)NC(=O)c1cc(C(=O)O)c(C(=O)O)cc1C(=O)O)C(=O)N[C@@H](CC(C)C)C(=O)N[C@@H](CO)C(=O)N[C@@H](CO)C(=O)O
HSSQN,L-hssqn,L-peptide,database,9-1,NC(=O)CC[C@H](NC(=O)[C@H](CO)NC(=O)[C@H](CO)NC(=O)[C@@H](N)Cc1cnc[nH]1)C(=O)N[C@@H](CC(N)=O)C(=O)O
HSSNQ,L-hssnq,L-peptide,database,9-2,NC(=O)CC[C@H](NC(=O)[C@H](CC(N)=O)NC(=O)[C@H](CO)NC(=O)[C@H](CO)NC(=O)[C@@H](N)Cc1cnc[nH]1)C(=O)O
FGAΔFL,L-FGAΔFL,L-peptide (with non-natural ΔF),database,10-1,CC(C)C[C@H](NC(=O)C(=Cc1ccccc1)NC(=O)[C@H](C)NC(=O)CNC(=O)[C@@H](N)Cc1ccccc1)C(=O)O
FGAΔFI,L-FGAΔFI,L-peptide (with non-natural ΔF),database,10-2,CC[C@H](C)[C@H](NC(=O)C(=Cc1ccccc1)NC(=O)[C@H](C)NC(=O)CNC(=O)[C@@H](N)Cc1ccccc1)C(=O)O
ANFLVH,L-anflvh,L-peptide,database,11-1,CC(C)C[C@H](NC(=O)[C@H](Cc1ccccc1)NC(=O)[C@H](CC(N)=O)NC(=O)[C@H](C)N)C(=O)N[C@H](C(=O)N[C@@H](Cc1cnc[nH]1)C(=O)O)C(C)C
AT,L- Ac-AMVGT-NH2,L-peptide,database,12-1,CSCC[C@H](NC(=O)[C@H](C)NC(C)=O)C(=O)N[C@H](C(=O)NCC(=O)N[C@H](C(N)=O)[C@@H](C)O)C(C)C
SA,L- Ac-SSVMA-NH2,L-peptide,database,12-2,CSCC[C@H](NC(=O)[C@@H](NC(=O)[C@H](CO)NC(=O)[C@H](CO)NC(C)=O)C(C)C)C(=O)N[C@@H](C)C(N)=O
KS,L-Ac-KFSFK-NH2,L-peptide,database,12-3,CC(=O)N[C@@H](CCCCN)C(=O)N[C@@H](Cc1ccccc1)C(=O)N[C@@H](CO)C(=O)N[C@@H](Cc1ccccc1)C(=O)N[C@@H](CCCCN)C(N)=O
KT,L-Ac-KFTFK-NH2,L-peptide,database,12-4,CC(=O)N[C@@H](CCCCN)C(=O)N[C@@H](Cc1ccccc1)C(=O)N[C@H](C(=O)N[C@@H](Cc1ccccc1)C(=O)N[C@@H](CCCCN)C(N)=O)[C@@H](C)O
KN,L-Ac-KFNFK-NH2,L-peptide,database,12-5,CC(=O)N[C@@H](CCCCN)C(=O)N[C@@H](Cc1ccccc1)C(=O)N[C@@H](CC(N)=O)C(=O)N[C@@H](Cc1ccccc1)C(=O)N[C@@H](CCCCN)C(N)=O
RF,L-Ac-RFTFR-NH2,L-peptide,database,12-6,CC(=O)N[C@@H](CCCNC(=N)N)C(=O)N[C@@H](Cc1ccccc1)C(=O)N[C@H](C(=O)N[C@@H](Cc1ccccc1)C(=O)N[C@@H](CCCNC(=N)N)C(N)=O)[C@@H](C)O
cyclic-KS,L-Ac-Cys-KFSFKGSGKFSFK-Cys(cyclized),cyclic L-peptide,database,12-7,CC(=O)N[C@H]1CSSC[C@@H](C(=O)O)NC(=O)[C@H](CCCCN)NC(=O)[C@H](Cc2ccccc2)NC(=O)[C@H](CO)NC(=O)[C@H](Cc2ccccc2)NC(=O)[C@H](CCCCN)NC(=O)CNC(=O)[C@H](CO)NC(=O)CNC(=O)[C@H](CCCCN)NC(=O)[C@H](Cc2ccccc2)NC(=O)[C@H](CO)NC(=O)[C@H](Cc2ccccc2)NC(=O)[C@H](CCCCN)NC1=O
cyclic-KN,L-Ac-Cys-KFNFKGSGKFNFK-Cys(cyclized),cyclic L-peptide,database,12-8,CC(=O)N[C@H]1CSSC[C@@H](C(=O)O)NC(=O)[C@H](CCCCN)NC(=O)[C@H](Cc2ccccc2)NC(=O)[C@H](CC(N)=O)NC(=O)[C@H](Cc2ccccc2)NC(=O)[C@H](CCCCN)NC(=O)CNC(=O)[C@H](CO)NC(=O)CNC(=O)[C@H](CCCCN)NC(=O)[C@H](Cc2ccccc2)NC(=O)[C@H](CC(N)=O)NC(=O)[C@H](Cc2ccccc2)NC(=O)[C@H](CCCCN)NC1=O
cyclic-KT,L-Ac-Cys-KFTFKGSGKFTFK-Cys(cyclized),cyclic L-peptide,database,12-9,CC(=O)N[C@H]1CSSC[C@@H](C(=O)O)NC(=O)[C@H](CCCCN)NC(=O)[C@H](Cc2ccccc2)NC(=O)[C@H]([C@@H](C)O)NC(=O)[C@H](Cc2ccccc2)NC(=O)[C@H](CCCCN)NC(=O)CNC(=O)[C@H](CO)NC(=O)CNC(=O)[C@H](CCCCN)NC(=O)[C@H](Cc2ccccc2)NC(=O)[C@H]([C@@H](C)O)NC(=O)[C@H](Cc2ccccc2)NC(=O)[C@H](CCCCN)NC1=O
IAPP-GI,full-length hIAPP (1-37) with N-methylation at G24 and I26,L-peptide (with N-methylation),database,13-1,CC[C@H](C)[C@@H](C(=O)N[C@@H](CC(C)C)C(=O)N[C@@H](CO)C(=O)N[C@@H](CO)C(=O)N[C@H](C(=O)N[C@@H](CC(N)=O)C(=O)N[C@H](C(=O)NCC(=O)N[C@@H](CO)C(=O)N[C@@H](CC(N)=O)C(=O)N[C@H](C(=O)N[C@@H](Cc1ccc(O)cc1)C(N)=O)[C@@H](C)O)C(C)C)[C@@H](C)O)N(C)C(=O)[C@H](C)NC(=O)CN(C)C(=O)[C@H](Cc1ccccc1)NC(=O)[C@H](CC(N)=O)NC(=O)[C@H](CC(N)=O)NC(=O)[C@H](CO)NC(=O)[C@H](CO)NC(=O)[C@H](Cc1c[nH]cn1)NC(=O)[C@@H](NC(=O)[C@H](CC(C)C)NC(=O)[C@H](Cc1ccccc1)NC(=O)[C@H](CC(N)=O)NC(=O)[C@H](C)NC(=O)[C@H](CC(C)C)NC(=O)[C@H](CCCNC(=N)N)NC(=O)[C@H](CCC(N)=O)NC(=O)[C@@H](NC(=O)[C@H](C)NC(=O)[C@@H]1CSSC[C@H](NC(=O)[C@@H](N)CCCCN)C(=O)N[C@@H](CC(N)=O)C(=O)N[C@@H]([C@@H](C)O)C(=O)N[C@@H](C)C(=O)N[C@@H]([C@@H](C)O)C(=O)N1)[C@@H](C)O)C(C)C
Pramlintide (PM),"full-length hIAPP (1-37) with A25P, S28P, S29P",L-peptide,database,14-1,CC[C@H](C)[C@H](NC(=O)[C@@H]1CCCN1C(=O)CNC(=O)[C@H](Cc1ccccc1)NC(=O)[C@H](CC(N)=O)NC(=O)[C@H](CC(N)=O)NC(=O)[C@H](CO)NC(=O)[C@H](CO)NC(=O)[C@H](Cc1c[nH]cn1)NC(=O)[C@@H](NC(=O)[C@H](CC(C)C)NC(=O)[C@H](Cc1ccccc1)NC(=O)[C@H](CC(N)=O)NC(=O)[C@H](C)NC(=O)[C@H](CC(C)C)NC(=O)[C@H](CCCNC(=N)N)NC(=O)[C@H](CCC(N)=O)NC(=O)[C@@H](NC(=O)[C@H](C)NC(=O)[C@@H]1CSSC[C@H](NC(=O)[C@@H](N)CCCCN)C(=O)N[C@@H](CC(N)=O)C(=O)N[C@@H]([C@@H](C)O)C(=O)N[C@@H](C)C(=O)N[C@@H]([C@@H](C)O)C(=O)N1)[C@@H](C)O)C(C)C)C(=O)N[C@@H](CC(C)C)C(=O)N1CCC[C@H]1C(=O)N1CCC[C@H]1C(=O)N[C@H](C(=O)N[C@@H](CC(N)=O)C(=O)N[C@H](C(=O)NCC(=O)N[C@@H](CO)C(=O)N[C@@H](CC(N)=O)C(=O)N[C@H](C(=O)N[C@@H](Cc1ccc(O)cc1)C(N)=O)[C@@H](C)O)C(C)C)[C@@H](C)O
NYGAILSS,L-nygailss,L-peptide,database,15-1,CC[C@H](C)[C@H](NC(=O)[C@H](C)NC(=O)CNC(=O)[C@H](Cc1ccc(O)cc1)NC(=O)[C@@H](N)CC(N)=O)C(=O)N[C@@H](CC(C)C)C(=O)N[C@@H](CO)C(=O)N[C@@H](CO)C(=O)O
I26P mutant,L-KCNTATCATQRLANFLVHSSNNFGAPLSSTNVGSNTY,L-peptide,database,16-1,CC(C)C[C@H](NC(=O)[C@H](CCCNC(=N)N)NC(=O)[C@H](CCC(N)=O)NC(=O)[C@@H](NC(=O)[C@H](C)NC(=O)[C@@H]1CSSC[C@H](NC(=O)[C@@H](N)CCCCN)C(=O)N[C@@H](CC(N)=O)C(=O)N[C@@H]([C@@H](C)O)C(=O)N[C@@H](C)C(=O)N[C@@H]([C@@H](C)O)C(=O)N1)[C@@H](C)O)C(=O)N[C@@H](C)C(=O)N[C@@H](CC(N)=O)C(=O)N[C@@H](Cc1ccccc1)C(=O)N[C@@H](CC(C)C)C(=O)N[C@H](C(=O)N[C@@H](Cc1c[nH]cn1)C(=O)N[C@@H](CO)C(=O)N[C@@H](CO)C(=O)N[C@@H](CC(N)=O)C(=O)N[C@@H](CC(N)=O)C(=O)N[C@@H](Cc1ccccc1)C(=O)NCC(=O)N[C@@H](C)C(=O)N1CCC[C@H]1C(=O)N[C@@H](CC(C)C)C(=O)N[C@@H](CO)C(=O)N[C@@H](CO)C(=O)N[C@H](C(=O)N[C@@H](CC(N)=O)C(=O)N[C@H](C(=O)NCC(=O)N[C@@H](CO)C(=O)N[C@@H](CC(N)=O)C(=O)N[C@H](C(=O)N[C@@H](Cc1ccc(O)cc1)C(N)=O)[C@@H](C)O)C(C)C)[C@@H](C)O)C(C)C
rIAPP,KCNTATCATQRLANFLVRSSNNLGPVLPPTNVGSNTY,L-peptide,database,17-1,CC(C)C[C@H](NC(=O)[C@H](CC(N)=O)NC(=O)[C@H](CC(N)=O)NC(=O)[C@H](CO)NC(=O)[C@H](CO)NC(=O)[C@H](CCCNC(=N)N)NC(=O)[C@@H](NC(=O)[C@H](CC(C)C)NC(=O)[C@H](Cc1ccccc1)NC(=O)[C@H](CC(N)=O)NC(=O)[C@H](C)NC(=O)[C@H](CC(C)C)NC(=O)[C@H](CCCNC(=N)N)NC(=O)[C@H](CCC(N)=O)NC(=O)[C@@H](NC(=O)[C@H](C)NC(=O)[C@@H]1CSSC[C@H](NC(=O)[C@@H](N)CCCCN)C(=O)N[C@@H](CC(N)=O)C(=O)N[C@@H]([C@@H](C)O)C(=O)N[C@@H](C)C(=O)N[C@@H]([C@@H](C)O)C(=O)N1)[C@@H](C)O)C(C)C)C(=O)NCC(=O)N1CCC[C@H]1C(=O)N[C@H](C(=O)N[C@@H](CC(C)C)C(=O)N1CCC[C@H]1C(=O)N1CCC[C@H]1C(=O)N[C@H](C(=O)N[C@@H](CC(N)=O)C(=O)N[C@H](C(=O)NCC(=O)N[C@@H](CO)C(=O)N[C@@H](CC(N)=O)C(=O)N[C@H](C(=O)N[C@@H](Cc1ccc(O)cc1)C(N)=O)[C@@H](C)O)C(C)C)[C@@H](C)O)C(C)C
Arg-1,RRRR instead of Asn14-Val17 in full-length hIAPP,L-peptide,database,18-1,CC[C@H](C)[C@H](NC(=O)[C@H](C)NC(=O)CNC(=O)[C@H](Cc1ccccc1)NC(=O)[C@H](CC(N)=O)NC(=O)[C@H](CC(N)=O)NC(=O)[C@H](CO)NC(=O)[C@H](CO)NC(=O)[C@H](Cc1c[nH]cn1)NC(=O)[C@H](CCCNC(=N)N)NC(=O)[C@H](CCCNC(=N)N)NC(=O)[C@H](CCCNC(=N)N)NC(=O)[C@H](CCCNC(=N)N)NC(=O)[C@H](C)NC(=O)[C@H](CC(C)C)NC(=O)[C@H](CCCNC(=N)N)NC(=O)[C@H](CCC(N)=O)NC(=O)[C@@H](NC(=O)[C@H](C)NC(=O)[C@@H]1CSSC[C@H](NC(=O)[C@@H](N)CCCCN)C(=O)N[C@@H](CC(N)=O)C(=O)N[C@@H]([C@@H](C)O)C(=O)N[C@@H](C)C(=O)N[C@@H]([C@@H](C)O)C(=O)N1)[C@@H](C)O)C(=O)N[C@@H](CC(C)C)C(=O)N[C@@H](CO)C(=O)N[C@@H](CO)C(=O)N[C@H](C(=O)N[C@@H](CC(N)=O)C(=O)N[C@H](C(=O)NCC(=O)N[C@@H](CO)C(=O)N[C@@H](CC(N)=O)C(=O)N[C@H](C(=O)N[C@@H](Cc1ccc(O)cc1)C(N)=O)[C@@H](C)O)C(C)C)[C@@H](C)O
Arg-2,RRRR instead of Phe23-Ile26 in full-length hIAPP,L-peptide,database,18-2,CC(C)C[C@H](NC(=O)[C@H](CCCNC(=N)N)NC(=O)[C@H](CCC(N)=O)NC(=O)[C@@H](NC(=O)[C@H](C)NC(=O)[C@@H]1CSSC[C@H](NC(=O)[C@@H](N)CCCCN)C(=O)N[C@@H](CC(N)=O)C(=O)N[C@@H]([C@@H](C)O)C(=O)N[C@@H](C)C(=O)N[C@@H]([C@@H](C)O)C(=O)N1)[C@@H](C)O)C(=O)N[C@@H](C)C(=O)N[C@@H](CC(N)=O)C(=O)N[C@@H](Cc1ccccc1)C(=O)N[C@@H](CC(C)C)C(=O)N[C@H](C(=O)N[C@@H](Cc1c[nH]cn1)C(=O)N[C@@H](CO)C(=O)N[C@@H](CO)C(=O)N[C@@H](CC(N)=O)C(=O)N[C@@H](CC(N)=O)C(=O)N[C@@H](CCCNC(=N)N)C(=O)N[C@@H](CCCNC(=N)N)C(=O)N[C@@H](CCCNC(=N)N)C(=O)N[C@@H](CCCNC(=N)N)C(=O)N[C@@H](CC(C)C)C(=O)N[C@@H](CO)C(=O)N[C@@H](CO)C(=O)N[C@H](C(=O)N[C@@H](CC(N)=O)C(=O)N[C@H](C(=O)NCC(=O)N[C@@H](CO)C(=O)N[C@@H](CC(N)=O)C(=O)N[C@H](C(=O)N[C@@H](Cc1ccc(O)cc1)C(N)=O)[C@@H](C)O)C(C)C)[C@@H](C)O)C(C)C
Mem-T,DDDDD instead of Ala5-Val17 in full-length hIAPP (retaining His18-Tyr37),L-peptide,database,18-3,CC[C@H](C)[C@H](NC(=O)[C@H](C)NC(=O)CNC(=O)[C@H](Cc1ccccc1)NC(=O)[C@H](CC(N)=O)NC(=O)[C@H](CC(N)=O)NC(=O)[C@H](CO)NC(=O)[C@H](CO)NC(=O)[C@H](Cc1c[nH]cn1)NC(=O)[C@H](CC(=O)O)NC(=O)[C@H](CC(=O)O)NC(=O)[C@H](CC(=O)O)NC(=O)[C@H](CC(N)=O)NC(=O)[C@H](C)NC(=O)[C@H](CC(=O)O)NC(=O)[C@H](CCCNC(=N)N)NC(=O)[C@H](CC(=O)O)NC(=O)[C@@H](NC(=O)[C@H](C)NC(=O)[C@@H]1CSSC[C@H](NC(=O)[C@@H](N)CCCCN)C(=O)N[C@@H](CC(N)=O)C(=O)N[C@@H]([C@@H](C)O)C(=O)N[C@@H](C)C(=O)N[C@@H]([C@@H](C)O)C(=O)N1)[C@@H](C)O)C(=O)N[C@@H](CC(C)C)C(=O)N[C@@H](CO)C(=O)N[C@@H](CO)C(=O)N[C@H](C(=O)N[C@@H](CC(N)=O)C(=O)N[C@H](C(=O)NCC(=O)N[C@@H](CO)C(=O)N[C@@H](CC(N)=O)C(=O)N[C@H](C(=O)N[C@@H](Cc1ccc(O)cc1)C(N)=O)[C@@H](C)O)C(C)C)[C@@H](C)O
H18K-IAPP,L-KCNTATCATQRLANFLVKSSNNFGAILSSTNVGSNTY,L-peptide,database,19-1,CC[C@H](C)[C@H](NC(=O)[C@H](C)NC(=O)CNC(=O)[C@H](Cc1ccccc1)NC(=O)[C@H](CC(N)=O)NC(=O)[C@H](CC(N)=O)NC(=O)[C@H](CO)NC(=O)[C@H](CO)NC(=O)[C@H](CCCCN)NC(=O)[C@@H](NC(=O)[C@H](CC(C)C)NC(=O)[C@H](Cc1ccccc1)NC(=O)[C@H](CC(N)=O)NC(=O)[C@H](C)NC(=O)[C@H](CC(C)C)NC(=O)[C@H](CCCNC(=N)N)NC(=O)[C@H](CCC(N)=O)NC(=O)[C@@H](NC(=O)[C@H](C)NC(=O)[C@@H]1CSSC[C@H](NC(=O)[C@@H](N)CCCCN)C(=O)N[C@@H](CC(N)=O)C(=O)N[C@@H]([C@@H](C)O)C(=O)N[C@@H](C)C(=O)N[C@@H]([C@@H](C)O)C(=O)N1)[C@@H](C)O)C(C)C)C(=O)N[C@@H](CC(C)C)C(=O)N[C@@H](CO)C(=O)N[C@@H](CO)C(=O)N[C@H](C(=O)N[C@@H](CC(N)=O)C(=O)N[C@H](C(=O)NCC(=O)N[C@@H](CO)C(=O)N[C@@H](CC(N)=O)C(=O)N[C@H](C(=O)N[C@@H](Cc1ccc(O)cc1)C(N)=O)[C@@H](C)O)C(C)C)[C@@H](C)O
H18R-IAPP,L-KCNTATCATQRLANFLVRSSNNFGAILSSTNVGSNTY,L-peptide,database,19-2,CC[C@H](C)[C@H](NC(=O)[C@H](C)NC(=O)CNC(=O)[C@H](Cc1ccccc1)NC(=O)[C@H](CC(N)=O)NC(=O)[C@H](CC(N)=O)NC(=O)[C@H](CO)NC(=O)[C@H](CO)NC(=O)[C@H](CCCNC(=N)N)NC(=O)[C@@H](NC(=O)[C@H](CC(C)C)NC(=O)[C@H](Cc1ccccc1)NC(=O)[C@H](CC(N)=O)NC(=O)[C@H](C)NC(=O)[C@H](CC(C)C)NC(=O)[C@H](CCCNC(=N)N)NC(=O)[C@H](CCC(N)=O)NC(=O)[C@@H](NC(=O)[C@H](C)NC(=O)[C@@H]1CSSC[C@H](NC(=O)[C@@H](N)CCCCN)C(=O)N[C@@H](CC(N)=O)C(=O)N[C@@H]([C@@H](C)O)C(=O)N[C@@H](C)C(=O)N[C@@H]([C@@H](C)O)C(=O)N1)[C@@H](C)O)C(C)C)C(=O)N[C@@H](CC(C)C)C(=O)N[C@@H](CO)C(=O)N[C@@H](CO)C(=O)N[C@H](C(=O)N[C@@H](CC(N)=O)C(=O)N[C@H](C(=O)NCC(=O)N[C@@H](CO)C(=O)N[C@@H](CC(N)=O)C(=O)N[C@H](C(=O)N[C@@H](Cc1ccc(O)cc1)C(N)=O)[C@@H](C)O)C(C)C)[C@@H](C)O
H18E-IAPP,L-KCNTATCATQRLANFLVESSNNFGAILSSTNVGSNTY,L-peptide,database,19-3,CC[C@H](C)[C@H](NC(=O)[C@H](C)NC(=O)CNC(=O)[C@H](Cc1ccccc1)NC(=O)[C@H](CC(N)=O)NC(=O)[C@H](CC(N)=O)NC(=O)[C@H](CO)NC(=O)[C@H](CO)NC(=O)[C@H](CCC(=O)O)NC(=O)[C@@H](NC(=O)[C@H](CC(C)C)NC(=O)[C@H](Cc1ccccc1)NC(=O)[C@H](CC(N)=O)NC(=O)[C@H](C)NC(=O)[C@H](CC(C)C)NC(=O)[C@H](CCCNC(=N)N)NC(=O)[C@H](CCC(N)=O)NC(=O)[C@@H](NC(=O)[C@H](C)NC(=O)[C@@H]1CSSC[C@H](NC(=O)[C@@H](N)CCCCN)C(=O)N[C@@H](CC(N)=O)C(=O)N[C@@H]([C@@H](C)O)C(=O)N[C@@H](C)C(=O)N[C@@H]([C@@H](C)O)C(=O)N1)[C@@H](C)O)C(C)C)C(=O)N[C@@H](CC(C)C)C(=O)N[C@@H](CO)C(=O)N[C@@H](CO)C(=O)N[C@H](C(=O)N[C@@H](CC(N)=O)C(=O)N[C@H](C(=O)NCC(=O)N[C@@H](CO)C(=O)N[C@@H](CC(N)=O)C(=O)N[C@H](C(=O)N[C@@H](Cc1ccc(O)cc1)C(N)=O)[C@@H](C)O)C(C)C)[C@@H](C)O
H18A-IAPP,L-KCNTATCATQRLANFLVASSNNFGAILSSTNVGSNTY,L-peptide,database,19-4,CC[C@H](C)[C@H](NC(=O)[C@H](C)NC(=O)CNC(=O)[C@H](Cc1ccccc1)NC(=O)[C@H](CC(N)=O)NC(=O)[C@H](CC(N)=O)NC(=O)[C@H](CO)NC(=O)[C@H](CO)NC(=O)[C@H](C)NC(=O)[C@@H](NC(=O)[C@H](CC(C)C)NC(=O)[C@H](Cc1ccccc1)NC(=O)[C@H](CC(N)=O)NC(=O)[C@H](C)NC(=O)[C@H](CC(C)C)NC(=O)[C@H](CCCNC(=N)N)NC(=O)[C@H](CCC(N)=O)NC(=O)[C@@H](NC(=O)[C@H](C)NC(=O)[C@@H]1CSSC[C@H](NC(=O)[C@@H](N)CCCCN)C(=O)N[C@@H](CC(N)=O)C(=O)N[C@@H]([C@@H](C)O)C(=O)N[C@@H](C)C(=O)N[C@@H]([C@@H](C)O)C(=O)N1)[C@@H](C)O)C(C)C)C(=O)N[C@@H](CC(C)C)C(=O)N[C@@H](CO)C(=O)N[C@@H](CO)C(=O)N[C@H](C(=O)N[C@@H](CC(N)=O)C(=O)N[C@H](C(=O)NCC(=O)N[C@@H](CO)C(=O)N[C@@H](CC(N)=O)C(=O)N[C@H](C(=O)N[C@@H](Cc1ccc(O)cc1)C(N)=O)[C@@H](C)O)C(C)C)[C@@H](C)O
Inhibitor-2,L-EALYLV,L-peptide,database,20-1,CC(C)C[C@H](NC(=O)[C@H](C)NC(=O)[C@@H](N)CCC(=O)O)C(=O)N[C@@H](Cc1ccc(O)cc1)C(=O)N[C@@H](CC(C)C)C(=O)N[C@H](C(=O)O)C(C)C
Inhibitor-3,L-VEALYLV,L-peptide,database,20-2,CC(C)C[C@H](NC(=O)[C@H](C)NC(=O)[C@H](CCC(=O)O)NC(=O)[C@@H](N)C(C)C)C(=O)N[C@@H](Cc1ccc(O)cc1)C(=O)N[C@@H](CC(C)C)C(=O)N[C@H](C(=O)O)C(C)C
TK9,L-TVYVYSRVK-NH2,L-peptide,database,21-1,CC(C)[C@H](NC(=O)[C@H](CCCNC(=N)N)NC(=O)[C@H](CO)NC(=O)[C@H](Cc1ccc(O)cc1)NC(=O)[C@@H](NC(=O)[C@H](Cc1ccc(O)cc1)NC(=O)[C@@H](NC(=O)[C@@H](N)[C@@H](C)O)C(C)C)C(C)C)C(=O)N[C@@H](CCCCN)C(N)=O
FLPNF,L-FLPNF,L-peptide,database,22-1,CC(C)C[C@H](NC(=O)[C@@H](N)Cc1ccccc1)C(=O)N1CCC[C@H]1C(=O)N[C@@H](CC(N)=O)C(=O)N[C@@H](Cc1ccccc1)C(=O)O
Tyr2,L-YY,L-peptide,database,23-1,N[C@@H](Cc1ccc(O)cc1)C(=O)N[C@@H](Cc1ccc(O)cc1)C(=O)O
Tyr3,L-YYY,L-peptide,database,23-2,N[C@@H](Cc1ccc(O)cc1)C(=O)N[C@@H](Cc1ccc(O)cc1)C(=O)N[C@@H](Cc1ccc(O)cc1)C(=O)O
LA12,L-LTPHKHHKHLHA,L-peptide,database,24-1,CC(C)C[C@H](NC(=O)[C@H](Cc1cnc[nH]1)NC(=O)[C@H](CCCCN)NC(=O)[C@H](Cc1cnc[nH]1)NC(=O)[C@H](Cc1cnc[nH]1)NC(=O)[C@H](CCCCN)NC(=O)[C@H](Cc1cnc[nH]1)NC(=O)[C@@H]1CCCN1C(=O)[C@@H](NC(=O)[C@@H](N)CC(C)C)[C@@H](C)O)C(=O)N[C@@H](Cc1cnc[nH]1)C(=O)N[C@@H](C)C(=O)O
SNNF(N-Me)GA(N-Me)ILSS,L-SNNF(N-Me)GA(N-Me)ILSS,L-peptide (with N-methylation),database,25-1,CC[C@H](C)[C@H](NC(=O)[C@H](C)N(C)C(=O)CNC(=O)[C@H](Cc1ccccc1)N(C)C(=O)[C@H](CC(N)=O)NC(=O)[C@H](CC(N)=O)NC(=O)[C@@H](N)CO)C(=O)N[C@@H](CC(C)C)C(=O)N[C@@H](CO)C(=O)N[C@@H](CO)C(=O)O
NF(N-Me)GA(N-Me)IL,L-NF(N-Me)GA(N-Me)IL,L-peptide (with N-methylation),database,25-2,CC[C@H](C)[C@H](NC(=O)[C@H](C)N(C)C(=O)CNC(=O)[C@H](Cc1ccccc1)N(C)C(=O)[C@@H](N)CC(N)=O)C(=O)N[C@@H](CC(C)C)C(=O)O
IO8,L-H2N-RGNFLVHGR-CONH2,L-peptide,database,26-1,CC(C)C[C@H](NC(=O)[C@H](Cc1ccccc1)NC(=O)[C@H](CC(N)=O)NC(=O)CNC(=O)[C@@H](N)CCCNC(=N)N)C(=O)N[C@H](C(=O)N[C@@H](Cc1cnc[nH]1)C(=O)NCC(=O)N[C@@H](CCCNC(=N)N)C(N)=O)C(C)C
N1-IO8,L-H2N-RGA(N-Me)NF(N-Me)LV(N-Me)HGR-CONH2,L-peptide with N-methylation,database,26-2,CC(C)C[C@H](NC(=O)[C@H](Cc1ccccc1)N(C)C(=O)[C@H](CC(N)=O)NC(=O)[C@H](C)N(C)C(=O)CNC(=O)[C@@H](N)CCCNC(=N)N)C(=O)N(C)[C@H](C(=O)N[C@@H](Cc1cnc[nH]1)C(=O)NCC(=O)N[C@@H](CCCNC(=N)N)C(N)=O)C(C)C
N2-IO8,L-H2N-RGAN(N-Me)FL(N-Me)VH(N-Me)GR-CONH2,L-peptide with N-methylation,database,26-3,CC(C)C[C@@H](C(=O)N[C@H](C(=O)N(C)[C@@H](Cc1cnc[nH]1)C(=O)NCC(=O)N[C@@H](CCCNC(=N)N)C(N)=O)C(C)C)N(C)C(=O)[C@H](Cc1ccccc1)NC(=O)[C@H](CC(N)=O)N(C)C(=O)[C@H](C)NC(=O)CNC(=O)[C@@H](N)CCCNC(=N)N
WW2,KKLTVWIpGK-WITVSA (p = D-Pro),L-peptide with D-Pro,database,27-1,CC[C@H](C)[C@H](NC(=O)[C@H](Cc1c[nH]c2ccccc12)NC(=O)[C@H](CCCCN)NC(=O)CNC(=O)[C@H]1CCCN1C(=O)[C@@H](NC(=O)[C@H](Cc1c[nH]c2ccccc12)NC(=O)[C@@H](NC(=O)[C@@H](NC(=O)[C@H](CC(C)C)NC(=O)[C@H](CCCCN)NC(=O)[C@@H](N)CCCCN)[C@@H](C)O)C(C)C)[C@@H](C)CC)C(=O)N[C@H](C(=O)N[C@H](C(=O)N[C@@H](CO)C(=O)N[C@@H](C)C(=O)O)C(C)C)[C@@H](C)O
WW4,KKLWVS-IpGK-KIWVSA (p = D-Pro),L-peptide with D-Pro,database,27-2,CC[C@H](C)[C@H](NC(=O)[C@H](CCCCN)NC(=O)[C@H](CCCCN)NC(=O)CNC(=O)[C@H]1CCCN1C(=O)[C@@H](NC(=O)[C@H](CO)NC(=O)[C@@H](NC(=O)[C@H](Cc1c[nH]c2ccccc12)NC(=O)[C@H](CC(C)C)NC(=O)[C@H](CCCCN)NC(=O)[C@@H](N)CCCCN)C(C)C)[C@@H](C)CC)C(=O)N[C@@H](Cc1c[nH]c2ccccc12)C(=O)N[C@H](C(=O)N[C@@H](CO)C(=O)N[C@@H](C)C(=O)O)C(C)C
YY2,KKLTVYIpGK-YITVSA (p = D-Pro),L-peptide with D-Pro,database,27-3,CC[C@H](C)[C@H](NC(=O)[C@H](Cc1ccc(O)cc1)NC(=O)[C@H](CCCCN)NC(=O)CNC(=O)[C@H]1CCCN1C(=O)[C@@H](NC(=O)[C@H](Cc1ccc(O)cc1)NC(=O)[C@@H](NC(=O)[C@@H](NC(=O)[C@H](CC(C)C)NC(=O)[C@H](CCCCN)NC(=O)[C@@H](N)CCCCN)[C@@H](C)O)C(C)C)[C@@H](C)CC)C(=O)N[C@H](C(=O)N[C@H](C(=O)N[C@@H](CO)C(=O)N[C@@H](C)C(=O)O)C(C)C)[C@@H](C)O
AP5,Ac-RGNwNeSkMNEYSGW-mLmLtMGRNH2(lower-case residues are D-aa),L/D-peptide,database,28-1,CSCC[C@H](NC(=O)[C@@H](CCCCN)NC(=O)[C@H](CO)NC(=O)[C@@H](CCC(=O)O)NC(=O)[C@H](CC(N)=O)NC(=O)[C@@H](Cc1c[nH]c2ccccc12)NC(=O)[C@H](CC(N)=O)NC(=O)CNC(=O)[C@H](CCCNC(=N)N)NC(C)=O)C(=O)N[C@@H](CC(N)=O)C(=O)N[C@@H](CCC(=O)O)C(=O)N[C@@H](Cc1ccc(O)cc1)C(=O)N[C@@H](CO)C(=O)NCC(=O)N[C@@H](Cc1c[nH]c2ccccc12)C(=O)N[C@H](CCSC)C(=O)N[C@@H](CC(C)C)C(=O)N[C@H](CCSC)C(=O)N[C@@H](CC(C)C)C(=O)N[C@@H](C(=O)N[C@@H](CCSC)C(=O)NCC(=O)N[C@@H](CCCNC(=N)N)C(N)=O)[C@H](C)O
Aib-NF-Aib-VHSS,L-Aib-NF-Aib-VHSS,L-peptide with Aib substitution,database,29-1,CC(C)[C@H](NC(=O)C(C)(C)NC(=O)[C@H](Cc1ccccc1)NC(=O)[C@H](CC(N)=O)NC(=O)C(C)(C)N)C(=O)N[C@@H](Cc1c[nH]cn1)C(=O)N[C@@H](CO)C(=O)N[C@@H](CO)C(=O)O
Aib-NF-Aib-VH,L-Aib-NF-Aib-VH,L-peptide with Aib substitution,database,29-2,CC(C)[C@H](NC(=O)C(C)(C)NC(=O)[C@H](Cc1ccccc1)NC(=O)[C@H](CC(N)=O)NC(=O)C(C)(C)N)C(=O)N[C@@H](Cc1c[nH]cn1)C(=O)O
Aib-NF-Aib-V,L-Aib-NF-Aib-V,L-peptide with Aib substitution,database,29-3,CC(C)[C@H](NC(=O)C(C)(C)NC(=O)[C@H](Cc1ccccc1)NC(=O)[C@H](CC(N)=O)NC(=O)C(C)(C)N)C(=O)O
NFGAX2L(X2 = 2-aminobenzoic acid),L-NFGAX2L,L-peptide with non-natural amino acid,database,30-1,CC(C)C[C@H](NC(=O)c1ccccc1NC(=O)[C@H](C)NC(=O)CNC(=O)[C@H](Cc1ccccc1)NC(=O)[C@@H](N)CC(N)=O)C(=O)O
NFX2AX2L (X2 = 2-aminobenzoic acid),L-NFX2AX2L,L-peptide with non-natural amino acid,database,30-2,CC(C)C[C@H](NC(=O)c1ccccc1NC(=O)[C@H](C)NC(=O)c1ccccc1NC(=O)[C@H](Cc1ccccc1)NC(=O)[C@@H](N)CC(N)=O)C(=O)O
β-cap-WW2,L- AcW-KKLTVW-IpGK-WITVSAWTGNH2,L-peptide with D-Pro,database,31-1,CC[C@H](C)[C@H](NC(=O)[C@H](Cc1c[nH]c2ccccc12)NC(=O)[C@H](CCCCN)NC(=O)CNC(=O)[C@H]1CCCN1C(=O)[C@@H](NC(=O)[C@H](Cc1c[nH]c2ccccc12)NC(=O)[C@@H](NC(=O)[C@@H](NC(=O)[C@H](CC(C)C)NC(=O)[C@H](CCCCN)NC(=O)[C@H](CCCCN)NC(=O)[C@H](Cc1c[nH]c2ccccc12)NC(C)=O)[C@@H](C)O)C(C)C)[C@@H](C)CC)C(=O)N[C@H](C(=O)N[C@H](C(=O)N[C@@H](CO)C(=O)N[C@@H](C)C(=O)N[C@@H](Cc1c[nH]c2ccccc12)C(=O)N[C@H](C(=O)NCC(N)=O)[C@@H](C)O)C(C)C)[C@@H](C)O
cyclo-WW2,L- cyclo(-GKWITVS-IpPKKLTVWIp),cyclic L-peptide with D-Pro,database,31-2,CC[C@H](C)[C@@H]1NC(=O)[C@H](Cc2c[nH]c3ccccc23)NC(=O)[C@H](CCCCN)NC(=O)CNC(=O)[C@H]2CCCN2C(=O)[C@H]([C@@H](C)CC)NC(=O)[C@H](Cc2c[nH]c3ccccc23)NC(=O)[C@H](C(C)C)NC(=O)[C@H]([C@@H](C)O)NC(=O)[C@H](CC(C)C)NC(=O)[C@H](CCCCN)NC(=O)[C@H](CCCCN)NC(=O)[C@@H]2CCCN2C(=O)[C@H]2CCCN2C(=O)[C@H]([C@@H](C)CC)NC(=O)[C@H](CO)NC(=O)[C@H](C(C)C)NC(=O)[C@H]([C@@H](C)O)NC1=O
MCIP 2a,L-CFLVHSSNFGA(N-Me)GA(N-Me)ILSS C,cyclic L-peptide with N-methylation (disulfide),database,32-1,CC[C@H](C)[C@@H]1NC(=O)[C@H](C)N(C)C(=O)CNC(=O)[C@H](C)N(C)C(=O)CNC(=O)[C@H](Cc2ccccc2)NC(=O)[C@H](CC(N)=O)NC(=O)[C@H](CO)NC(=O)[C@H](CO)NC(=O)[C@H](Cc2c[nH]cn2)NC(=O)[C@H](C(C)C)NC(=O)[C@H](CC(C)C)NC(=O)[C@H](Cc2ccccc2)NC(=O)[C@@H](N)CSSC[C@@H](C(=O)O)NC(=O)[C@H](CO)NC(=O)[C@H](CO)NC(=O)[C@H](CC(C)C)NC1=O
MCIP 2b,L-CFGGGGGGGGA(N-Me)GA(N-Me)IGGC,cyclic L-peptide with N-methylation (disulfide),database,32-2,CC[C@H](C)[C@@H]1NC(=O)[C@H](C)N(C)C(=O)CNC(=O)[C@H](C)N(C)C(=O)CNC(=O)CNC(=O)CNC(=O)CNC(=O)CNC(=O)CNC(=O)CNC(=O)CNC(=O)[C@H](Cc2ccccc2)NC(=O)[C@@H](N)CSSC[C@@H](C(=O)O)NC(=O)CNC(=O)CNC1=O
MCIP 2e,CfggggggggA(N-Me)GA(N-Me)IGgc,cyclic L/D-peptide with N-methylation (disulfide),database,32-3,CC[C@H](C)[C@@H]1NC(=O)[C@H](C)N(C)C(=O)CNC(=O)[C@H](C)N(C)C(=O)CNC(=O)CNC(=O)CNC(=O)CNC(=O)CNC(=O)CNC(=O)CNC(=O)CNC(=O)[C@@H](Cc2ccccc2)NC(=O)[C@@H](N)CSSC[C@H](C(=O)O)NC(=O)CNC(=O)CNC1=O
C14-RRRR-NH2,C14-RRRR-NH₂ (C14 = tetradecanoyl),lipopeptide (L-peptide with C14 acyl chain),database,33-1,CCCCCCCCCCCCCC(=O)N[C@@H](CCCNC(=N)N)C(=O)N[C@@H](CCCNC(=N)N)C(=O)N[C@@H](CCCNC(=N)N)C(=O)N[C@@H](CCCNC(=N)N)C(N)=O
NCAM1-PrP,MLRTKDLIWTLFFLGTAVSKKRPKP-NH₂,L-peptide (CPP construct),database,34-1,CC[C@H](C)[C@H](NC(=O)[C@H](CC(C)C)NC(=O)[C@H](CC(=O)O)NC(=O)[C@H](CCCCN)NC(=O)[C@@H](NC(=O)[C@H](CCCNC(=N)N)NC(=O)[C@H](CC(C)C)NC(=O)[C@@H](N)CCSC)[C@@H](C)O)C(=O)N[C@@H](Cc1c[nH]c2ccccc12)C(=O)N[C@H](C(=O)N[C@@H](CC(C)C)C(=O)N[C@@H](Cc1ccccc1)C(=O)N[C@@H](Cc1ccccc1)C(=O)N[C@@H](CC(C)C)C(=O)NCC(=O)N[C@H](C(=O)N[C@@H](C)C(=O)N[C@H](C(=O)N[C@@H](CO)C(=O)N[C@@H](CCCCN)C(=O)N[C@@H](CCCCN)C(=O)N[C@@H](CCCNC(=N)N)C(=O)N1CCC[C@H]1C(=O)N[C@@H](CCCCN)C(=O)N1CCC[C@H]1C(N)=O)C(C)C)[C@@H](C)O)[C@@H](C)O
TNGQ,L-TNGQ,L-peptide,database,35-1,C[C@@H](O)[C@H](N)C(=O)N[C@@H](CC(N)=O)C(=O)NCC(=O)N[C@@H](CCC(N)=O)C(=O)O
MANT,L-MANT,L-peptide,database,35-2,CSCC[C@H](N)C(=O)N[C@@H](C)C(=O)N[C@@H](CC(N)=O)C(=O)N[C@H](C(=O)O)[C@@H](C)O
YMSV,L-YMSV,L-peptide,database,35-3,CSCC[C@H](NC(=O)[C@@H](N)Cc1ccc(O)cc1)C(=O)N[C@@H](CO)C(=O)N[C@H](C(=O)O)C(C)C
,,,,,
,,,,,
,,,,,
,,,,,
,,,,,
,,,,,
,,,,,
,,,,,
,,,,,
,,,,,
,,,,,
,,,,,
,,,,,
,,,,,
,,,,,
